Lotnumber,Title,Brand,Type,Year,SerialNumber,Description
1,2016 Trumpf TruLaser 5040 6kW fiber laser cutting machine,Trumpf,TruLaser 5040,2016,,"Working range X/Y/Z-axis: 3.000/1.500/115mm
Accuracy positioning: 0.05mm
Control system: sinumerik 840D sl
Bed size LxW: 4.150x2.150mm
Machine dimensions LxWxH: 8.800x4.800x2.400mm
Machine weight: approximately 12.000 kg
Power on Hours: 40981
Equipped with: TruDisk 6001 laser unit, Riedel RL27/0 SR.02 cooler, camfil MF 8.6 filter exhaust unit, documentation"
2,2009 Trumpf TruMatic 7000 punch laser machine,Trumpf,TruMatic 7000,2009,A0150A0050,"Working range X/Y-axis: 3050/1550mm
Feed rate x/y-axis: 100/60 m/min
Maximum workpiece weight: 280 kg
Maximum sheet thickness: 8mm
Positioning accuracy: 0.1mm
Punch power: 220 kN
Laser power: 2700 W
Tool magazine positions: 21
Number of clamps: 4
Power on hours: 41429
Machine weight: approximately 23.000 kg
Equipped with: Riedel L15/21 cooler, Handte MF-B filter exhaust unit, safety Vance with sick laser curtain"
3,2009 Trumpf SheetMaster 7130 vacuum loader,Trumpf,SheetMaster,2009,N0140A0041,"Weight: approximately 5.000 kg
Machine dimensions LxWxH: 9.800x2.400x2.900mm
Maximum lifting capacity: 285 kg"
4,2006 FMG GBLK 20/40 sheet metal stock storage,FMG,GBLK 20/40,2006,06300,"Amount of places: 343 cassettes
Plate capacity LxW: 4.000x2.000mm
Maximum cap. / weight load pro cassette: 5T
Total surface area LxWxH: approximately 45.000x17.000x7.200mm
Operating system: siemens S7
Equipped with: FMG vacuum plate loader, 4x cassette in/out mover, 1x cassette picker, 3 control stations (possibility for 5 control stations), safety fence
Own weight single cassette: 0,5T
Overall installation approx. own weight incl. 343 cassettes: 675T
Residual sheet metal stock content not included"
6,2004 Trumpf TruBend 5130 CNC press brake,Trumpf,TruBend 5130,2004,B0504A0036,"Working length: 3.223mm
Opening height: 385mm
Stroke: 215mm
Press power: 1.300 kN
Machine dimensions LxWxH: 5.000x2.600x2.850mm
Machine weight: approximately 10.900 kg"
8,1986 promecam press brake,Promecam,,1987,IT2 100 30 262,"Working length: 3.050mm
Press power: 1.000 kN
Total dimensions LxWxH: 3.300x1.500x2.100mm
Equipped with: foot control, digital read out"
9,promecam RG 25 press brake,Promecam,RG 25,1,,"Working length: 1.200mm
Total dimensions LxWxH: 1.400x850x1.800mm"
10,2010 Emmegi T3 Star CNC profile machining center,Emmegi,T3 Star,2010,111357,"X/Y/Z-axis travel: 4.300/270/300mm
A-axis capacity: -90°/+90°
Rapid traverse X/Y/Z-axis: 56/22/22 m/min
Tool changer positions: 8
Tool type: HSK 63F
Spindle speed: 20.000 rpm
Control system: Celeron M ETX 800MHz
Machine weight: 1.900 kg
Total machine dimensions LxWxH: 5.830x1.600x2.020mm
Equipped with: Absolent oil mist filter"
11,2010 Bystronic ByJet Classic 3015 CNC waterjet,Bystronic,ByJet Classic 3015,2010,10037135,"X/Y/Z-axis travel: 3.048/1.524/250mm
X/Y-axis rapid traverse: 84 m/min
Maximum operating pressure: 3.800 bar
Maximum material thickness: 200mm
Bed size LxW: 3.000x1.500mm
Maximum workpiece load: 790 kg/m2
Positioning accuracy: 0,08mm
Pump type: Bypump 50 APC
Machine dimensions LxWxH: 5.100x3.450x2.200mm"
12,2005 Fladder AUT-1000 VAC deburring machine,Fladder,AUT-1000 VAC,2005,1295,"Maximum workpiece hight: 100mm
Maximum workpiece width: 1000mm
Amount of grinders: 6
Machine weight: approximately 1500 kg
Machine dimensions LxWxH: 1.800x1.700x2.100mm"
13,1982 Raskin R52P punching machine,Raskin,R52P,1982,91455,"Machine dimensions LxWxH: 3.800x1.900x2.050mm
Power on hours: 13.608
Equipped with DNC 60 X control system"
14,2008 Alme edgmill 500 edge milling machine,Alme,edgmill 500,2008,2257,"Spindle speed: 2.000 - 5.500 rpm
Minimum workpiece hight: 3mm
Maximum workpiece hight: 100mm
Milling angle: 30°-60°
Machine dimensions LxWxH: 2.450x1.300x1.600mm
Machine weight: 500 kg"
15,1990 Tensol KSA 1250-1.25-K Bending line,Tensol,KSA 1250-1.25-K,1990,,"Capacity WxT: 1250x1.25mm
Total machine dimensions LxWxH: 2.000x1.900x1.200mm
Line build-up: straitening, bending, punching, cutting"
16,peddinghaus 210/13 ironworker,Peddinghaus,210/13,,959,"Punching force: 50 tons
Machine weight: approximately 1.700 kg
Machine dimensions LxWxH: 1.500x950x1.850mm"
17,2000 Bomar STG 260 GA bandsaw,Bomar,STG 260 GA,2000,047,"Sawing capacity WxH: 1.720x1.560mm
Blade size: 3.800x0,9x25mm
In/out-going conveyor length: 4.000/4.000mm
Machine weight: 860 kg
Machine dimensions LxWxH: 1.700x1.950x1.800mm
Equipped with: Mecan-Europa measuring system"
18,kunz edge cleaner,Kunz,,,,Dimensions LxWxH: 1700x800x1250mm
19,2008 Fomindustrie DUMBO sawing machine,Fomindustrie,DUMBO,2008,XZ 10085,"Maximum speed: 3500 rpm
Blade size: 300mm
Own weight 110kg
Machine dimensions LxWxH: 650x650x1020mm
Equipped with 2x roller track
Roller Track length: 2000mm"
20,2009 Fomindustrie MISTRAL 26A end milling machine,Fomindustrie,MISTRAL 26A,2009,FO101093,"Maximum speed: 7000 rpm
Blade size: 175mm
Own weight 187kg
Machine dimensions LxWxH: 750x1050x1500mm
Including cabinet"
21,2011 emmegi SCA 450 sawing maching,emmegi,SCA 450,2011,C112746,"Maximum speed: 2890 rpm
Blade size: 450mm
Machine dimensions LxWxH: 1400x1000x1550mm
Equipped with: Microbo 4200 DX feeder, staedler filter exhaust unit, 3000mm out-going roller track"
22,emco lathe,emco,,,,"Spindle speed 55-2200 rpm
Distance between centers: 600mm
Maximum turning diameter over the bed: 280mm
Spindle bore size: 26mm
Total dimensions LxWxH: 1300x700x1200mm"
23,Belt saw,,,,,"Dimensions LxWxH: 1200x750x2200mm
Table size LxW: 740x630mm
Including spare saw blade"
24,1987 R.Borer-Hänggi AOS Guillotine shear,R.Borer -Hänggi,AOS,1987,113,"Cutting capacity: 3100/5
Strokes per minute : 40
PS Motor 5,5 
Rotational speed : 2800
Table width : 3000mm
Weight : 5600 kg
Total dimensions: 3600 x 1650x1700"
25,1983 Boschert 25/500 punching machine,Boschert,25/500,1983,88,"L: 170cm X W:130cm X H:150cm;
Cabinet with adapters included;
Controlpannel included;"
26,Rudolf Frey WHP15 C-frame press,Rudolf Frey,WHP15,,,"Total dimensions:1250x720x2560
Pressure: 15 ton"
27,1995 Rudolf Frey 911/A hydraulic press,Rudolf Frey,911/A,1995,927,"Capacity : 100 T
Total dimensions : 1300x900x2100"
28,2-roll Platewals,,,,,"Total dimensions : 3200x900x160
Comes with roller system"
29,Cone shape bending machine,,,,,Total dimensions: 2600x12500x1980
30,Hydraulic unit,,,,,Total dimensions: 1100x600x135
31,Debrunner mobile Flott BSM 75 Belt grinder,Debrunner,Flott BSM 75,,50371005022,"Electrical connection : 400V , 50 Hz ;
Sanding belt : 75x2000;
Total dimensions : 1150x580x1150;"
32,Debrunner Flott BSM 75 Belt grinder,Debrunner,Flott BSM 75,,430750031,"Electrical connection : 400V , 50 Hz 
Total dimensions : 1150x580x1150"
33,RAS 12.30 swaging machine,Reinhardt Maschinebau RAS,12.30,,244/7,"Total dimension: 600x450x1400
Weight : 200 kg"
34,Stephan Bader & co Belt grinder,Stephan Bader & co,Bader space saver,,,Total dimensions: 1400x550x1730
35,Reinhardt Maschinebau RAS 21.20 flanging machine,Reinhardt Maschinebau RAS,21.20,,243/3,"Total dimension: 550x550x850
Weight : 200 kg"
36,AJF C1 englisch wheel,"Aug. Joos, Frauenfeld (AJF)",C1,,13391,"PS : 3
Tour : 750
Total dimensions: 1300x600x1550"
37,Serva-techniek SHE 11 432 compressor,Serva-techniek,SHEE 11 432,,3051,"Operating pressure : 15 atm
Capacity : 330 lt 
Total dimensions: 1800x700x145"
38,Spiegel RAS 64.25 folding machine,spiegel,RAS 64.25,,91/1,"L: 3500mm x W: 1300mm x H: 1400mm;
Power 380v;"
39,Feba folding machine,feba,,,,L:1700mm x W: 700mm x H: 1200mm;
40,Swaging machine,unknown,,,,L: 1200mm x W:500mm x H: 1300mm;
41,Hullus 181.C Swaging machine,Hullus,181.C,,87.2.10,L:1000mm x W:300mm x H: 1450mm;
42,Hullus 181 C.V. Swaging machine,Hullus,181 C.V.,,91.01.01,L: 1100mm x W: 450mm x H: 1400mm;
43,RAS 11.32 Swaging machine,RAS,11.32,,74/6,L: 720mm x W: 350mm x H: 1350mm;
44,2018 Haeger 824MSP-HE fastener insertion machine,haeger,824MSP-He,2018,8MSPe2027,"L: 1500mm x W: 1000mm x H: 2400mm;
Power: 380v, 9,6A, 3 phase;
8/71ton/kn"
45,1986 Prinzing KSE-10 Shear,prinzing,KSE-10,1986,253,L: 1300mm x W: 570mm x H: 1500mm;
46,2019 RAS 12.65-3 Easyformer swaging machine,RAS,12.65-3,2019,11350,L:1100mm x W: 500mm x H: 1350mm;
47,Comaca notching machine,comaca,,,,L: 900mm x W: 800mm x H: 940mm;
48,2000 Walter eckold HAT 550,walter eckold,HAT 550,,399/094,L: 850mm x W: 800mm x H: 1000mm;
49,platewals,lisse,,1994,,L: 2000mm x W: 1900mm x H: 1700mm;
50,Bladebender,Spiegel,2000,1959,14216,"L: 3000mm x W: 600mm x H: 1400mm;
Max thickness: 2mm;
Power 230v;"
51,plateroller,Fasti,106-12-4,,95106004,"L:2150mm X W:750mm X H:1150mm;
Weight: 950kg;"
52,platewals,omecca,tsi 3.3,1996,11451,"L:3000mm X W:750mm X H:1200mm;
Weight: 1500kg;
Power: 380v 3phases:
Max pressure: 3,3kw;
Foot control and controlpannel included:"
53,stephan-werke 3-roll plate roller,stephan-werke,,,,
54,platewals,Burckhardf,,1988,,L: 2500mm X W: 900mm X H: 1250mm;
55,gauer safety edger,Gauer,,,,L:1350mm X W: 900mm X H: 1000mm;
56,APS,APS,RNA 300/2500,1983,1562,"L: 1100mm X W: 630mm X H:1000mm;
Power: 220v;
Weight: 300kg;"
57,krimping machine,Selfbuild,,,,
58,rollshaper,RAS,22.15,,67/7,"Weight: 326kg
Motor: 2,2 kw
Dimensions: L=1660mm X W=480mm X H=1000mm"
59,Excenterpress,schaller,,,,L: 800mm x W: 700mm x H: 1800mm;
60,pipe sowingmachine,RAS,25.11,,10/3,"L: 1800mm X W: 500mm X H: 1250mm;
Weight: 250kg;
Power: 0,37kw: 380v;"
61,longitudinal seamweldingmachine,APS,KF 2000,1982,10004,L: 4300mm X W: 2000mm X H: 3300mm;
62,2000 ADK PKB 2000 SP Longitudinal seam welding machine,ADK,PKB 2000 SP,2000,51200,"Max cap: 1,t-2M;
Power: 230v;
Weight: 1150kg;
Platform NOT included;"
63,Longitudinal seamweldingmachine,KS Machine,KS-LN 1000,2006,747,"L: 2600mm X W:1200mm X H: 2800mm;
Lorch weldingmachine included;
Power: 400v: 35KW;
Without platform;"
64,2023 ISO Oerlikon WT-W1500 laser welding machine,ISO Oerlikon,WT-W1500,2023,20230526006,"Power: 1500W
Welding capacity: 0,3-4,5mm
Machine dimensions LxWxH: 980x600x1150mm"
65,Tecna spotwelder,Tecna,,,,"Power: 35 KVA
Dimensions LxWxH: 1200x800x1600mm"
66,spotwelder,schlatter,p1.131.53.32,1977,S1.3111.0952,L: 1600mm x W: 500mm x H: 1800mm;
67,spotwelder,Tecna,3452p,1983,,"Power: 380v;
L: 1300mm x W: 600mm x H: 1700mm;"
68,spotwelder,tecna,8005/MS,1991,,"Power: 380v, 
L: 1150mm x W: 430mm x H: 1600mm;"
69,1999 Tecna spotwelder,Tecna,,1999,00438,"Distance between electrode and pillar: 800mm
Power: 85 KVA
Dimensions LxWxH: 1600x450x1650mm
Including cabinet with spare parts"
70,fronius iWave 300i DC - AC/DC  TIG welding machine,fronius,iWave 300i DC - AC/DC,,34106192,"Main voltage 3 x 400 V
Welding current range 3A to 300 A
Touchscreen 
Weight : 65 kg
Total dimension: 706x300x740"
71,Fronius TransSteel 3500 welding machine,Fronius,TransSteel 3500,,22174157,"Voltage and frequency : 380 V / 460 V - 50/60 Hz 
Adjustment range 10-350 A
Duty cycle 250A@ 100%, 350A @ 40%
iP23
Processes : Electrode,Lift TIG,MIG/MAG,TAC,TIG Pulse
Total dimension: 747x300x497
Weight 29 kg
Without gas cilinder"
72,Fronius TransSteel 3500 welding machine,Fronius,TransSteel 3500,,,"Voltage and frequency : 380 V / 460 V - 50/60 Hz 
Adjustment range 10-350 A
Duty cycle 250A@ 100%, 350A @ 40%
iP23
Processes : Electrode,Lift TIG,MIG/MAG,TAC,TIG Pulse
Total dimension: 747x300x497
Weight 29 kg"
73,Fronius TransSteel 3500 welding machine,Fronius,TransSteel 3500,,,"Voltage and frequency : 380 V / 460 V - 50/60 Hz 
Adjustment range 10-350 A
Duty cycle 250A@ 100%, 350A @ 40%
iP23
Processes : Electrode,Lift TIG,MIG/MAG,TAC,TIG Pulse
Total dimension: 747x300x497
Weight 29 kg"
74,Fronius  Transpuls synergic 4000 welding machine,Fronius,Transpuls synergic 4000,,,
75,Fronius Transpuls synergic 4000 welding machine,Fronius,Transpuls synergic 4000,,,
76,Fronius MagicWave 4000 TIG AC/DC water cooled welding machine,Fronius,MagicWave 4000,,,"Welding Current range (TIG/MMA) : 3 - 400 A
Duty cycle : 310 @ 100%, 365 @ 60%, 400 @ 40%
Mains Voltage 3 x 400 V 
Protection class : IP23
Dimensions : 705 x 290 x 625
Weight : 58,2 kg"
77,Fronius Transpuls synergic 4000 welding machine,Fronius,Transpuls synergic 4000,,,
78,Fronius MagicWave 4000 TIG AC/ DC water cooled welding machine,Fronius,MagicWave 4000,,,
79,Fronius MagicWave 4000 TIG AC/DC water cooled  welding machine,Fronius,MagicWave 4000,,,"Welding Current range (TIG/MMA) : 3 - 400 A
Duty cycle : 310 @ 100%, 365 @ 60%, 400 @ 40%
Mains Voltage 3 x 400 V 
Protection class : IP23
Dimensions : 705 x 290 x 625
Weight : 58,2 kg"
80,Fronius MagicWave 4000 TIG AC/DC water cooled welding machine,Fronius,MagicWave 4000,,,"Welding Current range (TIG/MMA) : 3 - 400 A
Duty cycle : 310 @ 100%, 365 @ 60%, 400 @ 40%
Mains Voltage 3 x 400 V 
Protection class : IP23
Dimensions : 705 x 290 x 625
Weight : 58,2 kg"
81,fronius MagicWave 4000 TIG AC/DC water cooled welding machine,Fronius,MagicWave 4000,,,"Welding Current range (TIG/MMA) : 3 - 400 A
Duty cycle : 310 @ 100%, 365 @ 60%, 400 @ 40%
Mains Voltage 3 x 400 V 
Protection class : IP23
Dimensions : 705 x 290 x 625
Weight : 58,2 kg"
82,Fronius MagicWave 4000 TIG AC/DC water cooled welding machine,Fronius,MagicWave 4000,,,"Welding Current range (TIG/MMA) : 3 - 400 A
Duty cycle : 310 @ 100%, 365 @ 60%, 400 @ 40%
Mains Voltage 3 x 400 V 
Protection class : IP23
Dimensions : 705 x 290 x 625
Weight : 58,2 kg"
83,Fronius  MagicWave 4000 TIG AC/DC water cooled welding machine,Fronius,MagicWave 4000,,,"Welding Current range (TIG/MMA) : 3 - 400 A
Duty cycle : 310 @ 100%, 365 @ 60%, 400 @ 40%
Mains Voltage 3 x 400 V 
Protection class : IP23
Dimensions : 705 x 290 x 625
Weight : 58,2 kg"
84,Fronius Magicwave 5000 job G/F watercooled welding machine,Fronius,Magicwave 5000 G/F job,,16242220,"TIG AC/DC Welding machine
Fronius FK 4000-R cooling system
Mains frequency : 50-60 Hz
Protection class : IP 23"
85,Fronius Magicwave 4000 TIG AC/DC water cooled welding machine,Fronius,MagicWave 4000,,,"Welding Current range (TIG/MMA) : 3 - 400 A
Duty cycle : 310 @ 100%, 365 @ 60%, 400 @ 40%
Mains Voltage 3 x 400 V 
Protection class : IP23
Dimensions : 705 x 290 x 625
Weight : 58,2 kg"
86,Fronius Transpuls Synergic 5000 MIG/MAG welding machine,Fronius,Transpuls Synergic 5000,,14040519,"Mains frequency : 50/60 Hz
Fronius FK 4000 cooling system"
87,Fronius Transtig 2600 TT 2600 CEL welding machine,Fronius,Transtig 2600 TT 2600 CEL,,10080403,"Mains voltage 3 x 400 V (+-15%),50-60 Hz
Mains fuse 16 A
Welding current range 3-260 A (DC) 
Welding current at 10 min/40c
Operating voltage (TIG) : 10.1-20.4 v 
Maximum operating voltage: 65 v (at 260 A)
IP23 
Dimensions: 625x290x480
Weight 28 kg"
88,Fronius TransTig 800 Job G/F welding machine,Fronius,Transtig 800 JobG/F welding machine,,21287969,"Comes with a Fronius PlasmaModule type 10  and a Fronius FK 4000- FC cooling system ; 

Mains Voltage : 230 V
Welding current range : TIG 0,5 - 80 A, Electrode : 10-80 A,
Mains frequency : 50-60 Hz"
89,Lorch Saprom S5 welding machine,Lorch,Saprom S5,,,"Suitable for MIG/MAG, MMA, Pulse/Twin pulse 
Welding range : 25-400 A;
Duty cycle at 100% (40C) : 320A; 
Duty cycle at 60% (40C) : 350A;
Duty cycle at maximum current (40C) : 50 %
Total dimension : 1150x45x850"
90,Lorch Saprom S5 welding machine,Lorch,Saprom S5,,,"Suitable for MIG/MAG, MMA, Pulse/Twin pulse 
Welding range : 25-400 A;
Duty cycle at 100% (40C) : 320A; 
Duty cycle at 60% (40C) : 350A;
Duty cycle at maximum current (40C) : 50 %
Total dimension : 1150x45x850"
91,Lorch  C Dialog 3503 welding machine,Lorch,C Dialog 3503,,,"Welding range (MIG-MAG): 30 - 350 A
Weldable wires (steel) : 0.6 - 1.6 mm diameter 
Weldable wires () : 1.0 - 1.6 mm diameter 
Total dimension : 1150x45x850"
92,Lorch  C Dialog 3003  MIG/MAG welding machine,Lorch,C Dialog 3003,,,"Welding range (MIG-MAG) : 300-300 A
Lorch Saprom wirefeeder is included
Total dimension : 1150x45x850"
93,Lorch M2095 welding machine,Lorch,M2095,,4381508803,"Mains voltage : 3-400
Welding range 25-230/15,3-31,5
Total dimension : 900x400x610"
94,Merkle TIG 160 DC welding machine,Merkle,TIG 160 DC,,,Total dimension : 950x650x1050
95,Hebutec M300 welding machine,,M300,,,Total dimension : 110x450x650
96,Bolzenschweißtechnik DA - 800,Bolzenschweißtechnik,DA - 800,,,"Dimension welding machine : 500x350x330
Including trolley and extra’s 
Total dimension including trolley and extra’s : 1200x650x1150"
97,Heinz Soyer Welko BMS-10N/2 stud welding machine,Welko,BMS-10N/2,,,"Welding range : M3 to M8 or ø 2 to 8 mm for steel and stainless steel ;
M3 to M8 or ø 2 to 8 mm for aluminium and brass 
Welding sequence: up to 20 studs per minute, depending on stud diameter 
Total dimensions: 520x520x1140"
98,Merkle TIG Insquare W 300 AC/DC and Matsushita plasma cutter,Merkle,,,,Total dimension : 1200x800x1030
99,"Brown, Boveri & Cie GSM 250 welding machine","Brown, Boveri & Cie",GSM 250,,,Total dimension: 1050x500x750mm
100,Hebutec M300 welding machine,Hebutec,M300,1999,,Total dimension : 950x450x660
101,Oerlikon Plasmafix 50 S welding machine,Oerlikon,EG PXS 050-1,,,"Total dimension : 1100x650x1300
For technical data see pictures"
102,Oerlikon Plasmafix 50 S welding machine,Oerlikon,plasmafix 50 S,,,"Total dimension : 1150x800x640
For technical data see pictures"
103,Oerlikon Plasmafix 50 S welding machine,Oerlikon,plasmafix 50 S,,,"Total dimension : 1150x800x640
For technical data see pictures"
104,2002 Teka Caremaster BIA 1.1 welding fume extractor,Teka,"Caremaster BIA 1,1",2002,,"Airflow rate : 2500 M3/H
Maximum static pressure : 2500Pa
Total dimension without flexible suction arm : 700x700x1000 
Total dimension with flexible suction arm : 700x700x3000
Comes with 2 extra filters
Weight : 125kg"
105,2002 Teka SF-BIA welding fume extractor,Teka,SF-BIA,2002,,"Airflow rate : 1200 M3/H
Maximum static pressure : 2100Pa
Total dimension without flexible suction arm : 700x700x1000 
Total dimension with flexible suction arm : 700x700x3000
Comes with 2 extra filters
Weight : 115kg

Total dimension : 700x700x1000 
Total length flexible suction arm : 3400
Comes with 1 extra filter"
106,Fronius AR/CO2 pressure regulator,fronius,Ar/CO2,,,"Max. Bar: 200.
30 l/min."
107,Fronius AR/CO2 pressure regulator,fronius,Ar/CO2,,,"Max. Bar: 200.
30 l/min."
108,Pressure regulators,,,,,Various models; approximately 16 pieces.
109,Optrel Clearmaxx PAPR welding helmet,Optrel,Clearmaxx PAPR,,,WithE 3000 X filter system.
110,Optrel E 3000X welding filter,Optrel,E 3000X,,,WithE 3000 X filter system.
111,Optrel Crystal 2.0 welding helmet,Optrel,Crystal 2.0,,,WithE 3000 X filter system.
112,welding helmet,,,,,
113,Fronius MTW 500i Welding hose package,Fronius,Mtw 500i,,,Mig/Mag
114,Fronius TTW 400 Welding hose package,Fronius,TTw 400,,,
115,Fronius TPH 400i Welding hose package,Fronius,tph 400i,,,
116,Fronius TPH  300D Welding hose package,Fronius,tph 300d,,,
117,Fronius MTW 500i Welding hose package,Fronius,Mtw 500i,,,
118,Lorch Welding hose package,Lorch,,,,
119,Welding hose package,,,,,
120,Welding hose package,,,,,
121,Various welding hose package,,,,,
122,Various welding electrodes and welding wire,,,,,
123,Böhler QG3 welding wire,Böhler,QG3,,,
124,Various welding wire,,,,,
125,Various welding electrodes and welding wire,,,,,
126,BTH TECH stud welding setup,BTH TECH,LBS 90,,,"Setup consisting out of: 
1x BTH TECH LBS 90
1x BTH TECH VBZ-S01
1x BTH TECH PFX 1100 
1X Welko BMS-10N
1x mobile welding table. Diameter hole: 16mm; 
Various clamps."
127,lifting welding table,,,,,"Hole size: 28mm; 
Dimension between holes: 75mm; 
Total dimension: 2000x1000x900mm;"
128,lifting welding table,,,,,"Hole size: 28mm; 
Dimension between holes: 75mm; 
Total dimension: 2600x1200x900mm;"
129,lifting welding table,,,,,"Hole size: 28mm; 
Dimension between holes: 75mm; 
Total dimension: 2000x1000x900mm;"
130,lifting welding table,,,,,"Hole size: 28mm; 
Dimension between holes: 75mm; 
Total dimension: 2400x1200x900mm;"
131,Welding table,,,,,"Hole size: 28mm; 
Dimension between holes: 75mm; 
Total dimension: 1000x1000x870mm;"
132,Mobile welding table,,,,,"Hole size: 28mm; 
Dimension between holes: 75mm; 
Total dimension: 3000x1000x870mm;"
133,Mobile welding table,,,,,"Hole size: 28mm; 
Dimension between holes: 75mm; 
Total dimension: 2400x1000x870mm;"
134,Siegmund lifting welding table,Siegmund,,,,"With welding clamp set.
Hole size: 28mm; 
Dimension between holes: 75mm; 
Total dimension: 2400x1200x900mm;"
135,Mobile welding table,,,,,"Hole size: 28mm; 
Dimension between holes: 75mm; 
Total dimension: 1000x1000x870mm;"
136,Mobile welding table,,,,,"With welding clamp set.
Hole size: 28mm.
Dimension between holes: 75mm.
Total dimension: 2000x1000x870mm."
137,Lifting welding table,,,,,"Hole size: 28mm; 
Dimension between holes: 75mm; 
Total dimension: 2000x1000x900mm;"
138,Welding table,,,,,"Hole size: 28mm; 
Dimension between holes: 75mm; 
Total dimension: 2000x1000x870mm;"
139,Welding table,,,,,"With welding clamp set.
Hole size: 28mm.
Dimension between holes: 75mm.
Total dimension: 2000x1000x870mm."
140,Welding table,,,,,"Hole size: 28mm.
Dimension between holes: 75mm.
Total dimension: 2000x1000x870mm."
141,Welding table,,,,,"Hole size: 28mm.
Dimension between holes: 75mm.
Total dimension: 1000x1000x870mm."
142,Mobile welding table,,,,,"Hole size: 28mm.
Dimension between holes: 75mm.
Total dimension: 1000x1000x870mm."
143,Mobile welding table,,,,,"Hole size: 28mm.
Dimension between holes: 75mm.
Total dimension: 2000x1000x870mm."
144,Lifting welding table,,,,,"With welding clamp set.
Hole size: 28mm.
Dimension between holes: 75mm.
Total dimension: 2000x1000x900mm."
145,Welding table,,,,,"Hole size: 28mm.
Dimension between holes: 75mm.
Total dimension: 3000x1300x900mm."
146,Welding table,,,,,"With clamping set.
Hole size: 28mm.
Dimension between holes: 75mm.
Total dimension: 4050x1500x900mm."
147,Demmeler Welding clamping equipment,Dammeler,,,,With trolley.
148,Demmeler Welding clamping equipment,Dammeler,,,,With trolley.
149,Demmeler Welding clamping equipment,Dammeler,,,,With trolley.
150,Welding clamping equipment,,,,,Total dimensions: 1200x800x2200mm.
151,Demmeler Welding clamping equipment,Dammeler,,,,With trolley.
152,screw clamps (4x),,,,,"Various sizes ; 
2 x 2050 x 120mm
1 x 1550 x 120mm
1 x 1300 x 120mm"
153,screw clamps (3x),,,,,"Various sizes
1x 1250 x 120mm
1x 1550 x 120mm
1x 2050 x 120mm"
154,screw clamps (8x),garant,,,,8 x 1250 x 120mm
155,screw clamps (5x),bessey,,,,5 x 1000mm x 120mm
156,screw clamps (2x),bessey,,,,2 x 1000mm x 175mm
157,screw clamps (4x),,,,,"2 x 500mm x 140mm
2 x 500mm x 120mm"
158,screw clamps (5x),bessey,,,,5 x 500mm x 175mm
159,screw clamps (4x),,,,,4 x 670mm x 220mm
160,screw clamps (4x),,,,,4 x 460mm x 120mm
161,screw clamps ( 7x),,,,,7 x 500mm x 120mm
162,screw clamps ( 8x),garant,,,,8 x 2500mm x 120mm
163,screw clamps (5x),,,,,5 x 300mm x 140mm
164,screw clamps (6x),,,,,6 x 300mm x 140mm
165,screw clamps ( 4x),essey,,,,4 x 460mm x 120mm
166,screw clamps (7x),,,,,"6 x 400mm x 140mm 
1 x 450mm x 200 mm"
167,screw clamps (6x),,,,,"4 x 370mm x 160mm
1 x 500mm x 210mm"
168,screw clamps,,,,,Including box
169,screw clamps,,,,,Including box
170,screw clamps,,,,,Including box
171,screw clamps (7x),,,,,"2 x 460mm x 175mm 
1 x 460mm x 120mm
3 x 4600mm x 120mm"
172,screw clamps (7x),,,,,7 x 460mm x 175mm
173,screw clamps (7x),,,,,7x 360mm x 140mm
174,screw clamps (5x),,,,,5 x 570mm x 125mm
175,screw clamps (10x),,,,,Various sizes
176,screw clamps (9x),,,,,"3 x 870mm x 220mm 
3 x 1080mm x 140mm 
2 x 360mm x 140mm
1 x 700mm x 320mm"
177,2016 Mercedes Benz Citan 112,Mercedes,Benz Citan 112,2016,,"2016 Mercedes-Benz Citan 112 Compact Panel Van
1.2 L (1,198 cc ) Inline Turbocharged Petrol 
Front-Wheel Drive 
Color : White 
Kilometers driven :22218
Manual transmission"
178,2007 Humbaur HT 3000 G Tarp-covered trailer,Humbaur,HT 3000 G,2007,,"Maximum loading capacity 
1.axle : 1500kg
2.axle : 1500kg
Color : grey 
Empty weight : 790kg
Load capacity: 2210kg
Combined weight : 3000kg"
179,Doosan D35C-9 forklift,Doosan,D35C-9,,FDA2E-5052-00747,"Type : Diesel Forklift 
Load capacity : 3500kg
Engine : Doosan G2 Diesel 
Overall length : 3760mm
Overall width : 1270mm
Overall Height ( mast lowered) 2160mm
Wheelbase approximately 70 inches (1780mm)
Standard Lift height : approximately 3000mm
Free Lift Height 150mm
Tilt angle (forward/backward): 6 / 12 degrees 
Full rubber tires 
Weight : approximately 5400kg"
180,Pramac LX 12 Electric Pallet stacker,Pramac,,,,"Total dimensions : 2000x850x2250
Fork length : 115mm
Maximum height : approximately 3500"
181,2012 Iment EDH1227MG Electric Pallet stacker,Iment,EDH1227MG,2012,S2116082,"Fork length : 1140mm
Total dimensions: 1900x800x1820
Maximum lifting capacity: 2000kg"
182,Stocklin EDS 1200 Propo Electric Pallet stacker,Pramac,,,,"Total dimensions : 2000x850x2250
Fork length : 115mm
Maximum height : approximately 3500"
183,Iment pallet truck,Iment,,,,"Fork length 1150mm
Capacity: 1000kg
Fork width 540mm
Maximum fork height : 800mm
Own weight : 149kg 
Total dimensions: 1750x540x1260"
184,Trumpf punches & dies (37x),trumpf,EV003/S-W100/ W35,,,"Punches: OW202/S
Dies: EV003/S-W10"
185,Trumpf punches & dies (41x),trumpf,EV004/S-W12,,,"Punches: OW202/S
Dies: EV004/S-W12"
186,Trumpf EV005-W16 die (19x),Trumpf,EV005-W16,,,
187,Trumpf OW200/S Punch (30x),trumpf,OW200/S,,,
188,Trumpf RB300 rollbend die (5x),trumpf,,,,
189,press brake tooling cabinet,trumpf,,,,Dimensions LxWxH: 1300x1040x1250mm
190,M8 30° & 10V 90° die (18x),trumpf,,,,
191,various dies (8x),trumpf,,,,
192,Trumpf OW200/K punch (13x),trumpf,OW200/k,,,
193,Trumpf OW202/K punch (17x),trumpf,OW202/K,,,
194,Trumpf punches & dies (31x),Trumpf,,,,"Punches: OW210
Dies: EV/S-W4"
195,press brake tooling cabinet,Trumpf,,,,Dimensions LxWxH: 1300x1040x1250mm
196,Trumpf punches & dies (29x),Trumpf,,,,"Punches: OW280/K
Dies: EV022W10"
197,Trumpf EV021/S-W8 dies & adapters (65x),Trumpf,,,,
198,Trumpf punches & dies (27x),Trumpf,,,,"Punches: OW209/S with OW320
Dies: EV020W6"
199,press brake tooling cabinet,Trumpf,,,,Dimensions LxWxH: 1050x655x1240mm
200,Trumpf punches & dies,Trumpf,,,,"Punches: OW209/S with OW320
Dies: EV007W24"
201,Trumpf OW203/S punch (14x),Trumpf,,,,
202,Trumpf Punches & dies (35x),Trumpf,,,,"Punches: OW203/S
Dies: EV005W16"
203,Trumpf punches & dies (19x),Trumpf,,,,"Punches: OW202/S
Dies: EV004/S-W12"
204,Trumpf punches & dies,Trumpf,,,,"Punches: OW202/S
Dies: EV003/S-W10"
205,Press brake tooling cabinet,Trumpf,,,,Dimensions LxWxH: 1050x1040x1250mm
206,TSH rollbend die (3x),TSH,Wingbend,,,
207,Trumpf OW203/K punch (12x),Trumpf,,,,
208,Trumpf OW203/K punch (12x),Trumpf,,,,
209,Trumpf EV024W16 die (11x),Trumpf,,,,
210,Trumpf OW203/K punch (11x),Trumpf,,,,
211,Trumpf OW203/K punch (11x),Trumpf,,,,
212,Trumpf OW-Z/K die (18x),Trumpf,,,,
213,Trumpf EV006W20 die (10x),Trumpf,,,,
214,Trumpf EV007W24 die (11x),Trumpf,,,,
215,Trumpf EV-W30 die (11x),Trumpf,,,,
216,punch adapter (13x),Trumpf,,,,
217,Trumpf EV-Z(/k) die (22x),Trumpf,,,,
218,various Trumpf press brake tooling,Trumpf,,,,
219,various Trumpf press brake tooling,Trumpf,,,,
220,workshop cabinet,Trumpf,,,,Dimensions LxWxH: 750x750x1300mm
221,Trumpf FWZ folder (14x),Trumpf,,,,
223,Rolleri punch (20x),Rolleri,,,,
224,Trumpf press brake tooling,Trumpf,,,,
225,press brake die (30x),Trumpf,,,,
226,press brake roller punch (25x),Trumpf,,,,
227,press brake roller punch (7x),Trumpf,,,,
228,Trupmf punches & dies,Trumpf,,,,"Punches: OW200/S
Dies: EV/H-W40"
229,trumpf FWZ folder (2x),Trumpf,,,,
230,Trumpf FWZ folder (2x),Trumpf,,,,
237,Trumpf OW209/S with OW320 punch (2x),Trumpf,,,,
244,Trumpf EV/H-W40 die (20x),,,,,
245,roller punch rolls,Trumpf,,,,
246,roller punch rolls,Trumpf,,,,
247,punch adapter (9x),Trumpf,,,,
248,S&G bending systems punch (20x),S&G bending systems,,,,
249,trumpf OW308/K rollbend (6x),Trumpf,,,,
250,various Trumpf press brake tooling,Trumpf,,,,
251,Trumpf punching tools,Trumpf,,,,"Various Trumps punching tools;
Comes with mobile punching tool storage cabinet; 
Total dimensions : 1500x1400x1450"
252,Punching tools in a steel cabinet,,,,,"Total dimensions : 750x800x135
See pictures for types and sizes"
253,Trumpf punching tools in Lista cabinet,Trumpf,,,,"Various punching tools in a Lista cabinet ;
See pictures for types ;
Total dimensions 730x730x1150"
254,Workbench with various punching tools,,,,,"Total dimensions : 2000x800x850
For types and sizes see pictures"
255,2009 Trumpf ZS 01 Quickset with Quickload,Trumpf,ZS01,,,Total dimensions: 780x320x360
256,Teka wet separator 5000 m3/h,,,,,"Capacity : 5000 m3/h
Connection voltage : V 400
Required water pressure min/max >0,3. / 1,6 bar
Separation performance: 82 % 
Total dimension : 1820x1440x3150
Weight approximately: 640 kg"
257,Richter EM 100 easymarker,Richter,EM 100,,1006732-57007-36,"Comes with HMG 60/120 hand marking device
Total dimension : 900x370x550"
258,Workbench,,,,,"With content, but without lot number 258 (Richter EM 500 Easymarker)
Totale dimension : 1600x800x960"
259,Deburring grinding roller (6x),picard,,,,"New in carton box. 
FAPI-FLEX-K K100 711/x
Total dimension 750x360x1050"
260,Deburring grinding roller (21x),,,,,"6x fladder P100 350/32/8
15x Picardcomes with pallet
Total dimension 1210x790x550"
261,2021 Alzmetall AX 2 iTTRONIC Pillar drilling machine,Alzmetall,AX 2 iTRONIC,2021,,"Spindle Rpm’s range : 125-2400 min-1 
Table clamp surface 250 x 250mm 
Max. Table load (manual adjustment) 80 kg 
For more data see technical date sheet in the pictures 
Total dimension: 1000x640x1900
Weight: 260 kg"
262,2005 Promac BX-840VADT Drill press,Promac,BX-840VADT,2005,,"Table size : 560x475mm
T-slot width : 16mm
Speed range : 
Range 1 : 65-540 RPM
Range 2 : 245-2000 RPM
Electrical connection: 400v 
Total dimension: 800x780x2200"
263,Holke F-8-V vertical milling machine,Holke,F-8-V,,,"Total dimension: 1200x1540x1560
Weight approximately 2,5 ton
Table clamping surface: 260x1150"
264,Mobile steel working table,,,,,Total dimension 1000x1000x1000
265,Ajustable roller stand (3x),,,,,"3 x roller stand 
Total dimension 1200x700x1100"
266,Rohm 4-jaw chuck,Rohm,,,,Total dimension : 250x250x140
267,Gressel gripos hydraulic vice,Gressel,Gripos,,,Total dimension : 460x130x130
268,Gressel hysraulic vice,Gressel,,,,Total dimension : 380x120x90
269,Vice,,,,,Total dimension: 310x230x60
270,Workbench,,,,,"With content.
Total dimension : 1500x950x1800"
271,"Various milling, drilling,cutting tools",,,,,"Workbench with various metalworking tools such as : drills, plug gauges, vice etc. 
Total dimension : 2000x1000x850"
272,"Various milling, drilling,cutting tools",Lista,,,,"Lista drawer cabinet with various metalworking tooling such as tapping drills, metal drills and countersink drills.
Total dimension : 710x580x820"
273,Cabinet,,,,,"With content.
Total dimension: 130x540x2000"
274,Kuhlmeyer twin-belt grinding machine,Kuhlmeyer,,,,"Total dimension: 2050x4500x280
Approximate weight :2000kg"
275,Mobile workingbench,,,,,"With content.
Total dimension: 2100x1000x900"
276,Steel cabinet (2x),,,,,with various content Total dimension : 1900x750x2020
277,Diamant DP 3000 polishing machine,Diamant,DP3000,,,Total dimension : 1770x950x1150
278,Albis 250bk Belt sanding machine,Albis,250bk,,,Total dimension: 700x600x1700
279,Welko CDS 1100 Stud welding system,Welko,CDS 100,,,"Comes with trolley and welding accessories
200 volt connection,  10A
Total dimension:650x650x840"
280,Lista storage tooling (7x),Lista,,,,Total dimension : 1200x800x350
281,Workbench with various metalworking tools,,,,,"Workbench with various metalworking tools
Total dimension : 2500x800x850"
282,Wooden cabinet with metalworking content,,,,,"Various metalworking tooling, metal stock etc.
Total dimensions : 1970x330x1600"
283,Mobile workbench with various metalworking tools,,,,,"Workbench with various metalworking tools 
Total dimension : 2000x800x880"
284,Lista cabinet,,,,,"With various metalworking content 
Total dimensions: 1100x700x720"
285,Workbench with various metalworking tools,,,,,"Workbench with various metalworking tools such as drills,vice etc.
Total dimension : 2500x1000x850"
286,Workbench with various metalworking tools,,,,,"Workbench with various metalworking tools suck as a Turbo-sharp X, welding tools,vice,clamps and metal stock
Also a small mobile cabinet is part of the lot
Total dimension : 2250x800x850"
287,steel cabinet with content,,,,,"Comes with various metalworking equipment such as clamps,welding accessories,metal stock and a Holex Automatic Hose reel
Total dimensions: 2060x350x161"
288,S&G bending systems press brake die (20x),S&G bending systems,,,,
289,press brake punch & adapter (25x),unknown,,,,
290,S&G bending systems punch (21x),S&G bending systems,,,,
291,S&G bending systems punch (27x),S&G bending systems,,,,
292,S&G bending systems die (44x),S&G bending systems,,,,
293,press brake punch (26x),unknown,,,,
294,press brake die (22x),unknown,,,,
295,S&G bending systems punch & die (46x),S&G bending systems,,,,
296,Bayeler die (36x),Beyeler,,,,
297,Beyeler die (17x),Beyeler,,,,
298,press brake die (38x),unknown,,,,
299,Rolleri press brake die (10x),Rolleri,,,,
300,S&G bending systems die (55x),S&G bending systems,,,,
301,press brake die (21x),unknown,,,,
302,press brake die (28x),unknown,,,,
303,Steel cabinet with metalworking content / metal stock,,,,,"Comes with various metalworking stock 
Total dimensions: 1300x440x1050"
304,Mobile working table with metalworking content,,,,,"Total dimensions:  1700x540x850
Table size : 1100x540x850"
305,Working table with content,,,,,Total dimensions : 2200x2500x850
306,Desk with content,,,,,Total dimensions : 1600x800x750
307,Lista cabinet,Lista,,,,"With various metalworking content 
Total dimensions : 720x720x1010"
308,Workbench plus two cabinets,,,,,"With content and extra pallet
Total dimensions 2000x800x1600"
309,Lista cabinet,Lista,,,,"With various metalworking content 
Total dimensions : 720x720x1160"
310,Kaiser+Kraft Mobile working cabinet with content,Kaiser+Kraft,,,,"With metalworking content 
Total dimensions : 820x530x980"
311,Lista cabinet,Lista,,,,Total dimensions : 570x730x760
312,Mobile Lista cabinet,Lista,,,,"With various metalworking content 
Total dimensions : 560x800x720"
313,Mobile Lista cabinet,Lista,,,,"With various metalworking content 
Total dimensions : 560x800x720"
314,Mobile Lista cabinet,Lista,,,,"With various metalworking content 
Total dimensions : 560x800x720"
315,Mobile Lista cabinet,Lista,,,,"With various metalworking content 
Total dimensions : 560x800x720"
316,Garant mobile working cabinet,Garant,,,,"With content.
Total dimensions : 730x470x940"
317,Garant mobile working cabinet,Garant,,,,"With content. 
Total dimensions : 730x370x960"
318,Garant mobile working cabinet,Garant,,,,"With content. 
Total dimensions : 730x370x960"
319,Garant mobile working cabinet,Garant,,,,"With content. 
Total dimensions : 730x470x940"
320,Garant mobile working cabinet,Garant,,,,"With content. 
Total dimensions : 730x470x940"
321,Garant mobile working cabinet,Garant,,,,"With content. 
Total dimensions : 730x470x940"
322,Garant mobile working cabinet,Garant,,,,"With content. 
Total dimensions : 730x470x940"
323,Garant mobile working cabinet,Garant,,,,"With content. 
Total dimensions : 730x470x940"
324,Garant mobile working cabinet,Garant,,,,"With content. 
Total dimensions : 730x380x960"
325,Garant mobile working cabinet,Garant,,,,"With content. 
Total dimensions : 730x380x960"
326,Garant mobile working cabinet,Garant,,,,"With content. 
Total dimensions : 980x540x860"
327,Garant mobile working cabinet,Garant,,,,"With content. 
Total dimensions : 1270x580x880"
329,Lista cabinet,Lista,,,,"With various metalworking content 
Total dimensions : 720x720x860"
330,Various clamps,,,,,"With two storage racks 
Total dimensions : 2700x800x2350"
331,Bosch AL 1860 CV cordless drill,Bosch,AL 1860 CV,,,"With battery and charger 
Total dimensions: 440x380x140"
332,Bosch GAL 1880 CV cordless drill,Bosch,GAL 1880 CV,,,"With battery and charger 
Total dimensions: 440x380x140"
333,Bosch AL 1860 CV cordless drill,Bosch,AL 1860 CV,,,"With battery and charger 
Total dimensions: 440x380x140"
334,Bosch GAL 1880 CV cordless drill,Bosch,GAL 1880 CV,,,"With 2x  battery and charger 
Total dimensions: 440x380x140"
335,Bosch AL 1860 CV cordless drill,Bosch,GAL 1880 CV,,,"With battery and charger 
Total dimensions: 440x380x140"
336,Bosch cordless drill (2x),Bosch,,,,"1 x Bosch GSR 18V-55
1x Bosch GSR 18V-60 C
Total dimensions : 230x180x240"
337,Bosch cordless drill (2x),Bosch,,,,"1 x Bosch GSR 12V
1x Bosch GSR 14,4 V-LI
Total dimensions : 230x180x240"
338,Various Bosch batteries and chargers,,,,,Total dimensions 400x300x380
339,Bosch GWS 17 -125 CIE angle grinder,Bosch,GWS 17-125 CIT,,,Total dimensions: 460x380x150
340,Bosch GWS 19--125 CIE angle grinder,Bosch,GWS 19-125 CIE,,,Total dimensions: 460x380x150
341,Bosch GWS 19--125 CIE angle grinder,Bosch,GWS 19-125 CIE,,,Total dimensions: 460x380x150
342,Bosch GWS 17 -125 Inox angle grinder,Bosch,GWS 17-125 Inox,,,Total dimensions: 460x380x150
343,Bosch GWS 17 -125 CIE angle grinder,Bosch,GWS 17-125 CIE,,,Total dimensions: 460x380x150
344,Bosch GWS 17 -125 Inox angle grinder,Bosch,GWS 17-125 Inox,,,Total dimensions: 460x380x150
345,Bosch GWS 17 -125 CIE angle grinder,Bosch,GWS 17-125 CIT,,,Total dimensions: 460x380x150
346,Bosch GWS 19 angle grinder (3x),Bosch,GWS 19,,,"3x Bosch GWS 19 
Total dimensions : 410x400x170"
347,Bosch GWS 19 angle grinder (3x),Bosch,GWS 19,,,"3x Bosch GWS 19 
Total dimensions : 410x400x170"
348,Bosch angle grinder (3x),Bosch,,,,"2x Bosch GWS 19 
1x Bosch GWS 17 
Total dimensions : 410x400x170"
349,Bosch angle grinder (3x),Bosch,,,,Total dimensions 350x270x70
350,Bosch angle grinder (2x),Bosch,,,,Total dimensions 350x270x70
351,Bosch angle grinder (2x),Bosch,,,,Total dimensions 350x270x70
352,Fein CG 15 angle grinder,Fein,CG 15,,,Total dimensions : 500x230x90
353,Suhner sander,Suhner,,,,Total dimensions 230:270x120
354,Suhner sander,Suhner,,,,Total dimensions 230:270x120
355,Wuko seamingtool (2x),Wuko,,,,Total dimensions 270x340x110
356,Pneumatic sanding machines (4x),,,,,"2x Suhner
1x Metabo 
1x Ferroflex
Total dimensions 340x370x130"
357,Bosch jigsaw (2x),Bosch,,,,Total dimensions :  430x370x140
358,Suhner Air grinder (2x),Suhner,,,,Total dimensions : 240x130x50
359,Pneumatic Air Hydraulic rivetter(5x,,,,,
360,Avdel Pneumatic Air Hydraulic rivetter,KVT,,,,Total dimensions 450x370x160
361,Avdel Pneumatic Air Hydraulic rivetter,Avdel,,,,Total dimensions 420x340x160
362,Avdel Pneumatic Air Hydraulic rivetter,Avdel,,,,Total dimensions 420x340x160
363,Tecna pointwelder,Tecna spot welder,C.P.57,,,Total dimensions: 640x490x140
364,Beveltools EBA 3.0 beveling machine,Beveltools,Eba 3.0,,,Total dimensions 570x530x13
365,Fein KBM50U magnetic core drill,Fein,KBM50U,,,Total dimensions: 570x540x230
366,Fein KFH 17-15 R Trimmer,Fein,KFH 17-15 R,,,Total dimensions: 620x320x130
367,Trumpf TKA 300-0 deburring machine + UWG 8 R angle grinder,,,,,"1 x trumpf TKA 300-0 deburring machine  
1 x UWG angle grinder 
Total dimensions: 780x 1040x170"
368,Various electric hand tools,,,,,Various items with brands such as Bosch and Suhner
369,Various tooling,,,,,"With brands such as Bosch and Hilti
Total dimensions: 1200x780x190"
370,Trutmann Hydraulic pump,Trutmann,,,,Total dimensions : 900x420x190mm
371,Mobile workingtable,,,,,Total dimensions : 2000x1000x840
372,Various metal stock,,,,,"Comes with metal storage rack 
Total dimensions : 1320x660x1200"
373,Workbench,,,,,"With metalworking content such as clamps , metal stock , vice etc. 
Total dimensions : 2500x800x840"
374,Metal work table,,,,,"Metal workbench with thick metal table top
Without content
Total dimensions: 1320x620x870"
375,Metalworking content,,,,,Metal stock and metalworking tooling
376,Ajustable workingtable,,,,,Total dimensions 1600x900x890
377,Mobile Lista cabinet,Lista,,,,"With various metalworking content 
Total dimensions : 560x800x720"
378,Metalworking content,,,,,Metal stock and metalworking tooling
379,Mobile storage cabinet,,,,,"With content 
Total dimensions: 100x450x1110"
380,2009 Promac 378VA  Drill press,Promac,378VA,2009,781109,"Table size : 282x282
T-slot width : 14mm
Drilling capacity: up to ø16mm
Tapping capacity: M3 to M10
Spindle speed range 350 to 2500 RPM
Distance spindle center to column : 180mm
Electrical connection: 230v
Total dimension: 550x360x1890
Net Weight : 90 kg"
381,Lista cabinet,Lista,,,,"With various metalworking content 
Total dimensions : 720x720x1010"
382,Mubea 23N/8 Punching machine,Mubea,23N/8,,,Total dimensions: 250c280x1780
383,Merkle D50 welding manipulator,Merkle,D50,,,Total dimensions: 660x540x900
384,Metal storage rack,,,,,"With various metal stock items 
Total dimensions: 2050x670x1510x"
385,Working table,,,,,"With various metalworking content 
Total dimensions: 2560x1000x860"
386,Demelectric Power distributor (2x),Demelectric,,2006,,Total dimensions: 340x220x740
387,Pipe rod holder,,,,,Total dimensions: 560x2060x1060
388,Torque Wrench (3x),,,,,Total dimensions: 660x130x50
389,Garant 65 6050-800 torque wrench,Garant,65 6050-800,,,Total dimensions: 131x110x70
390,Gesni metalworking tool,Gesni,,,,Total dimensions: 270x360x390
391,NCG swivel head hand riveter,NCG,,,,Total dimensions 320x180x50
392,JLBM53PA Punch set in case,,JLBM53PA,,,Total dimensions 270x23040
393,Storage cabinet,,,,,"With content 
Total dimensions: 1000x420x2240"
394,Metal step ladder,,,,,Total dimensions: 1300x390x130
395,Pallet racking system,,,,,"Nummer of uprights ; 4
Number of beams : 6 
Beam size between 2 uprights : 2680mm
Size / height of uprights : 3500mm
Without content"
396,Various metalworking inventory,,,,,"Various inventory such as welding bolts and accessories 
Total dimensions: 1240x1670x340"
397,T-slot table,,,,,"T-slot table with t-slot tooling 
Size slot opening : 35mm
Size T-base : 60mm
Height T-Slot : 63mm
Table top size : 2700x1240
Total dimensions: 2700x1240x860"
398,T-slot base plate (4x),,,,,"Base size : 800x300x250
Total dimensions: 800x1200x250
Size slot opening : 250mm
Size T-base : 40mm
T-slot height 40mm"
399,Mobile metal workingtable,,,,,"With drawer cabinet 
Total dimensions: 1500x1000x860"
400,Demelectric 810  Power distributor,Demelectric,810,2011,63993,Total dimensions: 340x210x420
401,Semi finished product (2x),,,,,Total dimensions: 1900x800x1960
402,2013 Trumpf Trutool TKF 1500 (181) weld edge miller,Trumpf,Trutool TKF 1500 (181),2013,,Total dimensions 820x340x340
403,Trumpf Trutool TSC 100 support bar cleaner,Trumpf,Trutool TSC 100,,,Total dimensions: 2510x310x290
404,Trumpf sensor tooling,Trumpf,,,,Total dimensions 430x270x40
405,Trumpf sensor tooling,Trumpf,,,,Total dimensions 630x530x120
406,Demelectric Power distributor (2x),Demelectric,,2,,Total dimensions: 340x220x740
407,Promac VAC-50-2TB wet and dry vacuum cleaner,Promac,VAC-50-2TB,,,Total dimensions: 480x480x890
408,Promac VAC-50-2TB wet and dry vacuum cleaner,Promac,VAC-50-2TB,,,Total dimensions: 480x480x890
409,Promac VAC-50-2TB wet and dry vacuum cleaner,Promac,VAC-50-2TB,,,Total dimensions: 480x480x890
410,Promac VAC-50-2TB wet and dry vacuum cleaner,Promac,VAC-50-2TB,,,Total dimensions: 480x480x890
411,Promac VAC-50-2TB wet and dry vacuum cleaner,Promac,VAC-50-2TB,,,Total dimensions: 480x480x890
412,2010 Delfin D/M 40 SGA Industrial vacuum cleaner,Delfin,D/M 40 SGA,2010,121039399,"Total dimensions: 700x580x1250
Filter : L"
413,Promac VAC-50-2TB wet and dry vacuum cleaner,Promac,VAC-50-2TB,,,Total dimensions: 480x480x890
414,Promac VAC-50-2TB wet and dry vacuum cleaner,Promac,VAC-50-2TB,,,Total dimensions: 480x480x890
415,Promac VAC-50-2TB wet and dry vacuum cleaner,Promac,VAC-50-2TB,,,Total dimensions: 480x480x890
416,Promac VAC-50-2TB wet and dry vacuum cleaner,Promac,VAC-50-2TB,,,Total dimensions: 480x480x890
417,Various metal stock,,,,,"With storage rack 
Total dimensions: 960x960x1110"
418,Various clamping material,,,,,"Various clamping material 
With storage rack
Total dimensions:1000x800x1880"
419,Clamping material on trolley,,,,,"Trolley size : 1400x620x122
Total dimensions: 1720x620x1730"
420,Clamping material on trolley,,,,,"Trolley size : 1400x620x122
Total dimensions: 2100x620x1290"
421,Clamping material,,,,,"With storage rack 
Total dimensions: 2240x1300x820"
422,Lista cabinet,,,,,"With various metalworking content 
Total dimensions: 720x720x1000"
423,Mobile workingtable,,,,,"With content such as a vice and metalworking tooling 
Total dimensions : 1300x750x940"
424,Mobile workingtable,,,,,"With content such as a vice and metal stock 
Total dimensions : 1300x750x940"
425,Working table,,,,,"With vice
Total dimensions: 1500x750x850"
426,Virtek Laser QC 1200 system,Virtek,Laser QC 1200,2003,03053218,"1 x Laser QC system nr. 106
1 x Laser Kit serial nr 03053218
1 x PC Cabinet 
1 x Computer Siemens YBMF 013244
Screen YEGH 143934 and keyboard 
1 x Printer HP 3550 TH 420171
1 x UPS/APC 700 QSO 413226937
High Speed , extremely accurate with a measuring table of X1200 and Y1200
Maximum scan area 1220x1220 mm
Accuracy: +- 0.05 mm (0,002 inches) for 2D measurements and +-0,25 mm (0.010 inches) for height or 3D measurements
Maximum part thickness 200mm for 2D measurements and 305mm for automatic formed measurements
Maximum prt weight : approximately 90,7kg
Laser class : class II
Gross weight : 842 kg, Nett weight : 692 kg 
Total dimensions: 2100x2150x2720"
427,Garant HC2 digital height measuring instrument,Garant,HC2,,,"-Digital display
-Quality control 
-Dimensional inspection 
Dimensions: 200x240x900"
428,Various measuring /altimeter tooling,,,,,"Various altimeter tooling 
See pictures for details"
429,Holex digital caliper,Holex,,,,Total dimensions: 1260x30040
430,Holex digital caliper,Holex,,,,Total dimensions: 460x180x30
431,Mitutoyo caliper (3),Mitutoyo,,,,Total dimensions: 420x170x40
432,Various measuring tools (3x),,,,,"1 x Mitutoyo absolute AOS Digimatic 
1 x Mitutoyo absolute IP67 
1 x Holex
Total dimensions 620x430x40"
433,Various measuring tools,,,,,"Various brands such as Holex , Garant and Mitutoyo 
Total dimensions:  890x430x120"
434,Holex caliper,Holex,,,,Total dimensions: 730x270x40
435,Holex caliper,Holex,,,,Total dimensions: 730x270x40
436,Holex caliper,Mitutoyo,absolute IP67,,,Total dimensions: 440x170x30
437,Mitutoyo+Holex caliper (2x),Mitutoyo/Holex,,,,Total dimensions: 420x170x40
438,Various measuring tools,,,,,"1 x Mitutoyo absolute AOS Digimatic
1x Insize durometer
1x Garant try square and various other tools 
Total dimensions 620x430x40"
439,Various measuring tools,,,,,"Various Holex and Garant measuring tools 
Total dimensions 520x340x40"
440,Original Arkograf  electric engraving pen / burning unit,Original Arkograf,,,,Total dimensions: 240x240x110
441,Holex digital caliper,Holex,,,,Total dimensions: 480x190x30
442,Marui-Keiki bevel protractor,Marui Keiki,,,,"3 x bevel protractor 
Total dimensions: 130x240x40"
443,Holex parralel gauge block set,Holex,,,,"From 1 to 100mm 
Total dimensions: 280x140x50"
444,Complete measurement cabinet,Mitutoyo,,,,"Various measurement tools such as inside micrometers , Go/No-Go Plug gauges, outside micrometers, thread ring gauges , setting rings, gauge block sets.
The complete set comes in a Lista cabinet 
Total dimensions: 730x720x1040"
445,Garant granite surface plate workbench,Garant,,,,"Garant workbench with a granite accuracy surface plate 
Comes with various (measuring) tooling 
Size granite plate : 1200x800x165
Total dimensions: 1200x800x990"
446,2010 Garant SG1 Shrink fitting unit,Garant,SG1,2010,,"Including National Lab PCGE 09 cooling unit.
Shrink range diameter: 3-32mm.
Max. Tool length 400mm.
HSK 63/100.
With tools and documentation.
Dimensions LxWxH: 1550x700x 1900mm."
447,2008 EZset preciset 600 Tool presetting device,EZset,preciset 600,2008,,"measuring range accommodating tool diameters up to 400 mm and lengths up to 600 mm.
Dimensions LxWxH: 1300x 900x 2050mm."
448,Garant Cabinet,Garant,,,,
449,Storage rack,,,,,"Dismantleable.
With content.
Dimensions LxWxH : 1950x400x2000mm."
450,Desk,,,,,
451,Garant Cleaning Cabinet,Garant,,,,
452,workbench,,,,,Dimensions: 1100x1000x850mm.
453,workbench,,,,,Dimensions: 1350x900x960mm.
454,Ment mobile lifting table,Ment,,,,"Max. Capacity: 500kg.
Max. Lifting height: 900mm
Dimensions: 1050x500x1000mm."
455,Ment mobile lifting table,Ment,,,,"Max. Capacity: 500kg.
Max. Lifting height: 900mm
Dimensions: 1050x500x1000mm."
456,Ment mobile lifting table,Ment,,,,"Max. Capacity: 500kg.
Max. Lifting height: 900mm
Dimensions: 1050x500x1480mm."
457,Ment mobile lifting table,Ment,,,,"Max. Capacity: 500kg.
Max. Lifting height: 900mm
Dimensions: 1050x500x1480mm."
458,Ment mobile lifting table,Ment,,,,"Max. Capacity: 500kg.
Max. Lifting height: 900mm
Dimensions: 1050x500x1000mm."
459,Office container content,,,,,"Consisting of two desks, several monitors, a filing cabinet label printer, phones iPads, various hand tools.

Please be aware, the lot is located on the first floor."
460,2021 Kardex Remstar Shuttle XP 500 vertical lift module,Kardex Remstar,Shuttle XP 500 2450,2021,,"Total capacity kg: 2x 35.000kg
Dimensions (LxBxH): 3100x2950x10000mm
Max. 560 kg pro drawer.
Without content."
461,various fastening material,,,,,"Drawer number 2.
Including storage bins"
462,various fastening material,,,,,"Drawer number 3.
Including storage bins"
463,various fastening material,,,,,"Drawer number 4.
Including storage bins"
464,various fastening material,,,,,"Drawer number 5.
Including storage bins"
465,various fastening material,,,,,"Drawer number 6.
Including storage bins"
466,various fastening material,,,,,"Drawer number 7.
Including storage bins"
467,various fastening material,,,,,"Drawer number 8.
Including storage bins"
468,various fastening material,,,,,"Drawer number 9.
Including storage bins"
469,various fastening material,,,,,"Drawer number 10.
Including storage bins"
470,various fastening material,,,,,"Drawer number 11.
Including storage bins"
471,various fastening material,,,,,"Drawer number 12
Including storage bins"
472,various fastening material,,,,,"Drawer number 13.
Including storage bins"
473,various fastening material,,,,,"Drawer number 14
Including storage bins"
474,various fastening material,,,,,"Drawer number 15.
Including storage bins"
475,various fastening material,,,,,"Drawer number 16.
Including storage bins"
476,various fastening material,,,,,"Drawer number 17.
Including storage bins"
477,various fastening material,,,,,"Drawer number 18.
Including storage bins"
478,various fastening material,,,,,"Drawer number 19.
Including storage bins"
479,various fastening material,,,,,"Drawer number 20.
Including storage bins"
480,various fastening material,,,,,"Drawer number 21.
Including storage bins"
481,various fastening material,,,,,"Drawer number 22.
Including storage bins"
482,various fastening material,,,,,"Drawer number 23.
Including storage bins"
483,various fastening material,,,,,"Drawer number 24.
Including storage bins"
484,various fastening material,,,,,"Drawer number 25.
Including storage bins"
485,various fastening material,,,,,"Drawer number 26.
Including storage bins"
486,various fastening material,,,,,"Drawer number 27.
Including storage bins"
487,various fastening material,,,,,"Drawer number 28.
Including storage bins"
488,various fastening material,,,,,"Drawer number 29.
Including storage bins"
489,various fastening material,,,,,"Drawer number 30.
Including storage bins"
490,various fastening material,,,,,"Drawer number 31.
Including storage bins"
491,various fastening material,,,,,"Drawer number 32.
Including storage bins"
492,various fastening material,,,,,"Drawer number 33
Including storage bins"
493,various fastening material,,,,,"Drawer number 34
Including storage bins"
494,various fastening material,,,,,"Drawer number 35
Including storage bins"
495,various fastening material,,,,,"Drawer number 36
Including storage bins"
496,various fastening material,,,,,"Drawer number 37
Including storage bins"
497,auer packaging storage bin (150x),auer packaging,,,,Drawer number 46
498,various packaging material,,,,,Drawer number 49
499,various Installation material,,,,,"Consisting of company stock including: grinding discs, tape, sanding disc, polishing equipment, fibre disc, hand tools, various lubricants, adhesives, welding accessories, drills, taps; 

Out of paternoster lot 500;"
500,Lista Megamat paternoster,Lista,2045/356/18,1993,,"Without content.
Maximum weight per drawer: 500kg.
Maximum total weight 9000kg.
Empty weight: 2100kg.
Dimensions: 3300x1800x3850mm."
501,Demmeler Welding clamping equipment,Dammeler,,,,D16.
502,workbench,,,,,"With pc, label printer and various fastening material."
503,strapping set,,,,,With Orgapack OR-T 260 automatic strapping device.
504,strapping set,,,,,
505,strapping set,,,,,
506,strapping set,,,,,
507,strapping band (3x),,,,,"Blistrap PET.
15.5 x 0.90 mm."
508,strapping band (9x),,,,,12 x 0.70 mm.
509,Various packaging material,,,,,With trolley.
510,workbench,,,,,
511,Desk,,,,,"Desk is height adjustable.
With HP monitor and TSC TTP-343C label printer."
512,Various packaging material,,,,,With cabinet.
513,Various packaging material,,,,,"Without rack and lot 514,517."
514,Weighing scales,,,,,
515,paper,,,,,25x 5x500 sheets.
516,Bli Paper filling and protection machine,Bli Paper,,,,
517,Air hose reel,Mibag,AM85/10,,,16m.
518,BGS DK 3000H Ultrasonic cleaner,BGS,DK 3000H,,,
519,packaging storage bin,,,,,
520,machine tooling,,,,,With cabinet.
521,machine tooling,,,,,With Lista cabinet.
522,fastening material,,,,,With Lista cabinet.
523,machine tooling,,,,,"With Lista cabinet.
Consisting of, among others: inserts, chisels, tool holders, drill holders, collets"
524,Workbench,,,,,"Mobile.
With fastening material.
Dimensions (LxBxH): 1550x900x900mm;"
525,double rung ladder,,,,,Height: 1170mm.
526,Extension cords,,,,,On 1 pallet.
527,Workbench,,,,,"Mobile.
With various hand tools and fastening material.
Dimensions (LxBxH): 2000x800x1960mm;"
528,Workbench,,,,,"With various hand tools.
Dimensions (LxBxH): 2000x800x900mm;"
529,various metal stock,,,,,With rack.
530,Gressel Gripos hydraulic vice,Gressel,Gripos,,,
531,Gressel hydraulic vice (2x),Gressel,,,,
532,workbench,,,,,"Dimensions: 2500x800x900mm.
Without up laying lot 530/531."
533,vise grip (8x),,,,,"Various sizes, including box."
534,vise grip (10x),,,,,"Various sizes, including box"
535,vise grip (9x),,,,,"Various sizes and types, including box."
536,vise grip ( 19x),,,,,including box.
537,vise grip (24x),,,,,"Various types and sizes,including box."
538,vise grip ( 12x),,,,,Including box.
539,vise grip (45x),,,,,"Various types and sizes, including box."
540,Lista tool trolley,Lista,,,,
541,Rothenberger RP50-S hydraulic pump,Rothenberger,RP50-S,,,
542,workbench,,,,,Dimensions LxWxH: 1600x750x850mm.
543,2017 Walther Trowal GM 305 Polishing-deburring machine,Walther Trowal,GM 305,2017,121-03192,"Machine dimensions LxWxH: 1.300x1.210x1.100mm
Operating width: 300mm
Equipped with filter box"
544,1990 Walter trowal G 160 vibration dryer,Walther Trowal,G160,1990,1035,"Machine dimensions LxWxH: 1.100x900x800mm
Operating width: 180mm 
Equipped with: 2x bag of woodchips"
545,polishing-deburring stones,,,,,
546,polishing-deburring stones,,,,,
547,Blaser SR 4000 cleaning station,Blaser,SR 4000,,,
548,garant control cabinet,garant,,,,"Dimensions LxWxH: 1050x750x1800mm 
Equipped with: computer, monitor, HP printer, etc"
549,2007 Sablux SX 155S/SAD blasting cabinet,Sablux,SX 155S/SAD,2007,,"Dimensions LxWxH: 1900x1100x2160mm
Inner dimensions LxW: 1500x950mm
Equipped with: filter exhaust unit, food control, stair, documentation."
550,2007 Gersag Jib crane,Gersag,,2007,,5 meter Jib.
551,2021 Schmalz Vacumaster basic Vacuum lifter,Schmalz,Vacumaster Basic,2021,,"Max. 500 kg lifting capacity.
Dimensions: 2400x900x700mm."
552,2021 Schmalz Vacumaster basic Vacuum lifter,Schmalz,Vacumaster Basic,2021,,"Max. 750 kg lifting capacity.
Dimensions: 3250x1600x900mm."
553,FMG BG 20/40 lifting device,FMG,BG 20/40,,,"Max. bar: 11.
Max. Lifting capacity: 4500KG."
554,2015 Gersag Pallet hook,Gersag,,2015,,"1600kg.
Fork length: 1800mm;"
555,Pallet hook,,,2015,,Fork length: 800mm.
556,vacuum lifter (2x),Vaculift,U 01-E,2008,,Lifting capacity 75kg.
557,Tigrip TBL 1.5 PLUS Plate clamp,Tigrip,TBL 1.5 PLUS,,,"Max. 1500kg.
0-20mm."
558,Plate clamp,,,2004,,"Lifting capacity 2000Kg. 
0-32mm."
559,Plate clamp (4x),,,,,
560,lifting magnet (5x),,,,,
561,lifting magnet,,,,,
562,Lifting chains,,,,,
563,Lifting slings,,,,,
564,SWF Crane remote control,,,,,
565,Steel Jack (2x),,,,,
566,hand tools,,,,,With lista cabinet. Including various bystronic spare parts.
567,Brago AG Forming machine,Brago AG,,,,Dimensions LxWxH: 900x950x2100mm
568,water filtration system,,,,,"Equipped with: filter, salt bath, various pumps, dispensers, connection material"
569,2011 W.I.N. uo 600 nd water treatment system,W.I.N.,uo 600 nd,2011,104388,Dimensions LxWxH: 700x650x1600mm
570,Gressel HB 20 strip bender,Gressel,HB 20,,,Dimensions LxWxH: 1200x800x1000mm
571,Kärcher BR 400 floor cleaner,Kärcher,BR 400,,,
572,2014 FinnSonic M12 ultra sound cleaner,FinnSonic,M12,2014,011065,
573,Muhr 3S/5R sheet cutter,Muhr,3S/5R,,,"Including trolly, dimensions LxWxH: 1300x650x1350mm"
574,Weber MF 6/30 polishing machine,Weber,MF 6/30,,,
575,instalation material,,,,,"Including rack
Total length: 6000mm"
576,2010 sony KDL-52HX900 television,sony,KDL-52HX900,2010,,
577,IT set-up,,,,,"Consisting out of: HP computer, monitor, keyboard and mouse, HO laserjet pro 400 printer"
578,work bench with tools,,,,,"Total length: 6000mm,
Height: 2400mm; 
Note! Without lot 576 and 577"
579,Trumpf quicksharp tool grinder,Trumpf,quicksharp,1994,,Dimensions LxWxH: 600x600x1770mm
580,various metal profiles,,,,,
581,various metal profiles,,,,,"Lengtes up to 9000mm 
Materials: steel, stainless steel, aluminium, copper
Total dimensions LxWxH: 9000x3300x2250mm
Including cantilevers"
582,saw blades,,,,,
583,peddinghaus punches,Peddinghaus,,,,Including cabinet
584,Raskin punches,Raskin,,,,Including cabinet
585,decoiler (3x),,,,,"Roll capacity: approximately 560mm
Dimensions LxWxH: 1680x700x950mm"
586,stainless steel sheet (80x),,,,,"Size: 1,25x1000x2000mm
Equipped with cutting foil 
Stainless steel type: 304"
587,stainless steel sheet (80x),,,,,"Size: 1,25x1000x2000mm
Equipped with cutting foil 
Stainless steel type: 304"
588,stainless steel sheet (160x),,,,,"Size: 1,25x1000x2000mm
Equipped with cutting foil 
Stainless steel type: 304"
589,stainless steel sheet (160x),,,,,"Size: 1,25x1000x2000mm
Equipped with cutting foil 
Stainless steel type: 304"
590,stainless steel sheet (320x),,,,,"Size: 1,25x1000x2000mm
Equipped with cutting foil 
Stainless steel type: 304"
591,various sheet/plate material,,,,,"Materials: steel, stainless steel, aluminium 
Total dimensions LxWxH: approximately 4000x800x2100mm
Including plate rack"
592,various sheet/plate material,,,,,"Materials: wood, plastic, aluminium 
Total dimensions LxWxH: approximately 3100x1650x1100mm"
593,various sheet/plate material,,,,,"Materials: steel, stainless steel, aluminium, brass
Total dimensions LxWxH: approximately 2500x1650x1100mm"
594,various sheet/plate material,,,,,"Materials: steel, stainless steel, aluminium
Total dimensions LxWxH: approximately 3000x3000x2550mm
Including rack"
595,copper plates,,,,,"Dimensions LxWxH: 1200x800x550mm
Plate thickness: 3mm"
596,various sheet/plate material,,,,,"Materials: stainless steel, aluminium
Total dimensions LxWxH: approximately 2100x1300x2150mm
Including rack"
597,various sheet/plate material,,,,,"Materials: stainless steel, aluminium
Total dimensions LxWxH: approximately 3250x1550x700mm"
598,various sheet/plate material,,,,,"Materials: steel
Total dimensions LxWxH: approximately 2500x1260x350mm"
599,various sheet/plate material,,,,,"Materials: steel, copper, brass, stainless steel, 
Total dimensions LxWxH: approximately 3300x1600x1200mm"
600,various sheet/plate material,,,,,"Materials: copper, brass, aluminium, plastic
Total dimensions LxWxH: approximately 2050x1900x2050mm
Including rack"
601,various sheet/plate material,,,,,"Materials: copper, brass, aluminium, plastic, steel, stainless steel 
Total dimensions LxWxH: approximately 7000x1700x2300mm
Including rack"
602,sheet pallets and trolleys,,,,,"Sheet pallet size LxWxH: 3000x1500x180mm
Trolley size LxWxH: 4100x2000x560mm"
603,various sheet/plate material,,,,,"Materials: brass, aluminium, steel, stainless steel 
Total dimensions LxWxH: approximately 7000x1900x2150mm
Including rack"
604,various un/Finished products and spare parts,,,,,"Materials: steel, stainless steel, aluminium
Pallets: 34"
605,various un/Finished products and spare parts,,,,,"Materials: steel, stainless steel, aluminium, copper
Pallets: 19"
606,various un/Finished products and spare parts,,,,,"Materials: steel, stainless steel, aluminium 
Pallets: 16
Note! Lots 297-302 ar not included"
607,various un/Finished products and spare parts,,,,,"Materials: steel, stainless steel, aluminium
Pallets: 14"
608,various un/Finished products and spare parts,,,,,"Materials: stainless steel, aluminium 
Pallets: 11"
609,various un/Finished products and spare parts,,,,,"Materials: steel, stainless steel, aluminium 
Pallets: 22"
610,various un/Finished products and spare parts,,,,,"Materials: steel
Pallets: 7"
612,various un/Finished products and spare parts,,,,,"Materials: steel, 
Pallets: 8"
613,various un/Finished products and spare parts,,,,,"Materials: steel, stainless steel 
Pallets: 15"
614,various un/Finished products and spare parts,,,,,"Materials: steel, aluminium 
Pallets: 22"
615,various un/Finished products and spare parts,,,,,"Materials: steel, stainless steel
Pallets: 11"
616,various un/Finished products and spare parts,,,,,"Materials: steel, stainless steel, aluminium 
Pallets: 17"
617,various un/Finished products and spare parts,,,,,"Materials: steel, 
Pallets: 15"
618,various semi-Finished products and spare parts,,,,,"Materials: steel, 
Pallets: 34"
619,various un/Finished products and spare parts,,,,,"Materials: steel, 
Pallets: 22"
620,various un/Finished products and spare parts,,,,,"Materials: steel, 
Pallets: 15"
621,various semi-Finished products and spare parts,,,,,"Materials: steel, 
Pallets: 34"
622,Foco Pallet rack,Foco,,,,"Number of cross beams: 16
Number of uprights: 3
Max. Section load: 11000 kg 
Section dim. L: 2700mm
Section dim. w: 1200mm 
Upright height: 2500mm
Total length: 5600mm
Dismantable.
Please note! Without content."
623,Foco Pallet rack,Foco,,,,"Number of cross beams: 22
Number of uprights: 4
Max. Section load: 11000 kg 
Section dim. L: 2700mm
Section dim. w: 1200mm 
Upright height: 3500mm
Total length: 8500mm
Dismantable.
Please note! Without content."
624,Foco Pallet rack,Foco,,,,"Number of cross beams: 44
Number of uprights: 8
Max. Section load: 11000 kg 
Section dim. L: 2700mm
Section dim. w: 1200mm 
Upright height: 3500mm
Total length: 20000mm
Dismantable.
Please note! Without content."
625,Foco Pallet rack,Foco,,,,"Number of cross beams: 16
Number of uprights: 3
Max. Section load: 11000 kg 
Section dim. L: 2700mm
Section dim. w: 1200mm 
Upright height: 3500mm
Total length: 5600mm
Dismantable.
Please note! Without content."
626,Foco Pallet rack,Foco,,,,"Number of cross beams: 6
Number of uprights: 2
Max. Section load: 11000 kg 
Section dim. L: 2700mm
Section dim. w: 1200mm 
Upright height: 2500mm 
Total length: 3000mm
Dismantable.
Please note! Without content."
627,Foco Pallet rack,Foco,,,,"Number of cross beams: 12
Number of uprights: 3
Max. Section load: 11000 kg 
Section dim. L: 2700mm
Section dim. w: 1200mm 
Upright height: 3500mm
Total length: 5600mm
Dismantable.
Please note! Without content."
628,Foco Pallet rack,Foco,,,,"Number of cross beams: 8
Number of uprights: 2
Max. Section load: 11000 kg 
Section dim. L: 2700mm
Section dim. w: 1200mm 
Upright height: 2500mm 
Total length: 3000mm
Dismantable.
Please note! Without content."
629,Foco Pallet rack,Foco,,,,"Number of cross beams: 6
Number of uprights: 2
Max. Section load: 11000 kg 
Section dim. L: 2700mm
Section dim. w: 1200mm 
Upright height: 3500mm
Total length: 3000mm
Dismantable.
Please note! Without content."
630,Foco Pallet rack,Foco,,,,"Number of cross beams: 26
Number of uprights: 6
Max. Section load: 11000 kg 
Section dim. L: 2700mm
Section dim. w: 1200mm 
Upright height: 3500mm
Total length: 11500mm
Dismantable.
Please note! Without content."
631,Foco Pallet rack,Foco,,,,"Number of cross beams: 26
Number of uprights: 6
Max. Section load: 9000 kg 
Section dim. L: 2700mm
Section dim. w: 1200mm 
Upright height: 3500mm
Total length: 8500mm
Dismantable.
Please note! Without content."
632,Foco Pallet rack,Foco,,,,"Number of cross beams: 14
Number of uprights: 3
Max. Section load: 9000 kg 
Section dim. L: 2700mm
Section dim. w: 1200mm 
Upright height: 3500mm
Total length: 5600mm
Dismantable.
Please note! Without content."
633,Foco Pallet rack,Foco,,,,"Number of cross beams: 8
Number of uprights: 2
Max. Section load: 9000 kg 
Section dim. L: 2700mm
Section dim. w: 1200mm 
Upright height: 3500mm
Total length: 3000mm
Dismantable.
Please note! Without content."
634,Foco Pallet rack,Foco,,,,"Number of cross beams: 16
Number of uprights: 3
Max. Section load: 9000 kg 
Section dim. L: 2700mm
Section dim. w: 1200mm 
Upright height: 3500mm
Total length: 5600mm
Dismantable.
Please note! Without content."
635,Pallet rack,,,,,"Number of cross beams: 24
Number of uprights: 6
Section dim. L: 2700mm
Section dim. w: 1200mm 
Upright height: 2500mm
Total length: 12000mm
Dismantable.
Please note! Without content."
636,Foco Pallet rack,Foco,,,,"Number of cross beams: 24
Number of uprights: 5
Section dim. L: 2700mm
Section dim. w: 1200mm 
Upright height: 3500mm
Total length: 12000mm
Dismantable.
Please note! Without content."
637,Foco Pallet rack,Foco,,,,"Number of cross beams: 16
Number of uprights: 4
Max. Section load: 9000 kg 
Section dim. L: 2700mm
Section dim. w: 1200mm 
Upright height: 3500mm
Total length: 8500mm
Dismantable.
Please note! Without content."
638,Foco Pallet rack,Foco,,,,"Number of cross beams: 18
Number of uprights: 4
Max. Section load: 9000 kg 
Section dim. L: 2700mm
Section dim. w: 1200mm 
Upright height: 3500mm
Total length: 8500mm
Dismantable.
Please note! Without content."
639,Foco Pallet rack,Foco,,,,"Number of cross beams: 8
Number of uprights: 2
Max. Section load: 9000 kg 
Section dim. L: 2700mm
Section dim. w: 1200mm 
Upright height: 3500mm
Total length: 3000mm
Dismantable.
Please note! Without content."
640,Fastening material,,,,,"With storage rack.
Height: 1750mm.
Consisting of: screws,bolts,nuts,"
641,Brooms (17x),,,,,
642,Various metal stock,,,,,"Various metals including steel, stainless steel, aluminium, copper, brass."
643,Anvil,,,,,
644,Cabinet,,,,,With various metal stock and machine tools.
645,Trolley,,,,,Height: 1600mm.
646,Various Lubricants,,,,,With 1x cabinet and 1x trolley.
647,Trolley,,,,,With various plate material.
648,Trolley,,,,,With 2x clamping plate.
649,Various metal stock,,,,,
650,Welding screen (3x),,,,,"Height: 2100mm.
Length: 2200mm."
651,bending tools,,,,,With cabinet.
652,Lista Cabinet,Lista,,,,
653,Lista Cabinet,Lista,,,,With Cleaning material.
654,Stairs,Jumbo,,,,
655,workbench,,,,,"Without up laying lot 221.
Dimensions: 1350x1000x900mm.
Without vice."
656,Air hose reel,Holex,,,,15m.
657,Oil station,,,,,
658,Ladder,,,,,
659,workbench,,,,,Dimensions: 1500x1000x1000mm.
660,Machine tool cabinet,,,,,With Trumpf TruLaser 5040 tools.
661,workbench,,,,,"With Trumpf TruLaser 5040 tools. 
Dimensions: 1500x800x850mm."
662,Office container,,,,,"Equipped with power connection and lighting. 
With contents consisting of 3 workstations equipped with monitor, desktop, label printer. Note! Without machine booking and administration.
Dimensions: 6050x2450x2600mm."
663,workbench,,,,,With vice
664,"Various milling, drilling,cutting tools",Lista,,,,With Lista trolley. Can be used for lot 10.
665,"Various milling, drilling,cutting tools",Lista,,,,"With Lista cabinet. Can be used for lot 10.
Dimensions: 720x720x1000mm."
666,"Various milling, drilling,cutting tools",Lista,,,,"With Lista cabinet. Can be used for lot 10.
Dimensions: 720x720x1000mm."
667,Garant mobile info point,Dell,,2019,,"Dell control unit in a Garant Mobile cabinet
With Dell screen and HP Pro computer 
Total dimensions: 640x560x1450"
668,Press,,,,,Total dimensions: 620x580x1950
669,Ladder (2),,,,,"2 x ladder,
Total dimensions: 750x2500x320"
670,Spreader beam,,,,,Total dimensions: 2560x310x180
671,Storage rack,,,,,"With content 
Total dimensions: 3000x900x2149"
672,Transport trolley (2x),,,,,Total dimensions: 1130x560x1260
673,Mobile bending machine,,,,,Total dimensions: 1260x760x1760
674,Pramac PX25 Pallet truck,Pramac,PX25,,,"With scale.
Max. Capacity: 2500kg."
675,Pallet truck,,,,,Max. Capacity: 2500kg.
676,Pallet truck,,,,,Max. Capacity: 2500kg.
677,Pallet truck (2x),,,,,Forks length: 800mm.
678,Pallet truck (4x),,,,,Max. Capacity: 2500kg.
679,Pallet truck (3x),,,,,Max. Capacity: 2500kg.
680,Stocklin Pallet truck,Stocklin,,,,"Max. Capacity: 2000kg.
Fork length 2000mm."
681,Various pneumatic spare parts,,,,,"With 2 wooden cabinets
Total dimensions: 1020x810x2500"
682,Copper,,,,,
683,various semi-finished products,,,,,"Various pneumatic products.
9 pallets."
684,various fastening tools,,,,,
685,2003 Tiesse Robot 77L Welding robot,Tiesse Robot,77L,2003,,"Table size: 1670x500mm.
Equipped with clamping board.
2003 Kawasaki FA006E-C Robot including control unit and Teach Pendant.
Fronius KD 7000 welding device.
Including documents. 
Total dimensions: 4500x2100x2000."
686,Pullmax P5 Nibbler machine,Pullmax,P5,,,Dimensions: 2000x1100x1800mm.
687,Metal working machine,,,,,
688,2012 Langzauner LZK-4 Edge Grinding Machine,,LZK-4,2012,1140-00056,"Motor power 3kw 
Belt speed : approximately: 22m/s
Table dimensions : 1250x400mm
With dust extraction port 
Total dimensions:1890x790x1140"
689,sheet bending machine,,,,,
690,various metal working equipment,,,,,Without rack.
691,Various metalworking equipment,,,,,"Without racking system, without Mercedes-Benz product and without other car parts"
692,Various metalworking equipment,,,,,"Without racking system, only content"
693,Tilting container (2x),,,,,Total dimensions : 1600x1060x1800
694,Tilting container (3x),,,,,Total dimensions : 2400x1060x1800
695,various metal stock,,,,,
696,Pallet rack,,,,,"Number of cross beams: 24
Number of uprights: 6
Section dim. L: 3200mm
Section dim. w: 1600mm 
Upright height: 3500mm
Total length: 10000mm
Please note! With content."
697,storage bin,,,,,2x pallet.
698,Hazardous materials storage container,,,,,"With content 
Total dimensions container : 2420x3000x2580"
699,Plate Trolley (16x),,,,,
700,Various semi-finished products,,,,,Various types of metal. Including pallets and boxes.
701,Wood,,,,,
702,Forklift extensions,,,,,Total dimensions: 2800x140x80
703,various metal profiles,,,,,"Lengths up to 8000mm
Materials: steel, stainless steel, aluminium, 
Total dimensions LxWxH: 8000x5000x2000mm
Including cantilevers"
704,Pallet edges,,,,,
705,Wood,,,,,With pallet box.
706,aluminium profile,,,,,Length: 6500mm.
707,pallet boxes,,,,,Approximately 90/100 pieces.
708,Wood,,,,,With pallet box.
709,Pallets (approx 100x),,,,,"Approximately 100pallets sold as one set
Total dimensions: 4000x1200x4000"
710,Pallets (approx 24x),,,,,"Approximately 24 pallets sold as one set
With steel rack
Total dimensions: approximately 3000x1200x3650"
711,Pallets (approx 30x),,,,,"Approximately 30 pallets sold as one set
Total dimensions: approximately 2400x1200x2400"
712,stainless steel immersion bath,,,,,Total dimensions: approximately 2620x1410x1560
713,Stainless steel immersion bath,,,,,Total dimensions: approximately 2610x1640x1620
714,Stainless steel immersion bath,,,,,Total dimensions: approximately 3700x1600x1850
715,Pallets (approx 30x),,,,,"Approximately 30 pallets sold as one set
Total dimensions: approximately 4000x1200x2400"
716,Semi-finished steel products,,,,,"Various semi-finished products, various types of metals such as stainless steel"
717,Pallets (approx 40x),,,,,"Approximately 40 pallets sold as one set
Comes with transport boxes and some semi-finished products 
Total dimensions: approximately 4000x1200x2400"
718,Complete front desk,,,,,"Complete front desk consisting out of round shaped Lista desk, IT-equipment , Lista cabinet etc.
Total dimensions : approximately 2900x2300x1150"
719,Lista cabinet,Lista,,,,"With content but without company folders
Total dimensions: 1200x400x1100"
720,Lista cabinet,Lista,,,,"Without  content
Total dimensions: 800x1520x420"
721,Lista cabinet,Lista,,,,"Without  content
Total dimensions: 1170x1520x420"
722,Lista cabinet,Lista,,,,"Without  content
Total dimensions: 1170x1520x420"
723,Lista cabinet,Lista,,,,"Without  content
Total dimensions: 800x420x1530"
724,Lista cabinet (4x),Lista,,,,"Without  content
Total dimensions per cabinet : 1170x1520x420
Total dimensions: 3220x1520x420"
725,Sidetable (4x),,,,,"Total dimensions per table : 460x400x460
Total dimensions: 920x400x920"
726,Lista cabinet,Lista,,,,"Without content 
Total dimensions: 1200x400x1100"
727,Glass table,,,,,Total dimensions: 1200x400x360
728,Lista cabinet,Lista,,,,"Without content 
Total dimensions: 1200x400x750"
729,Room devider,,,,,Total dimensions: 1250x500x1830
730,Lista cabinet,Lista,,,,"Without content 
Total dimensions: 1200x400x1100"
731,Lista Desk setup,Lista,,,,"Without IT equipment.
Dimensions: 2900x800x730mm."
732,Samsung Computer setup,Samsung,,,,"Consisting out of 1x Samsung S34A650UBU curve monitor, 1x HP pro mini, 1x logi Keyboard with mouse."
733,Lista Desk setup,Lista,,,,"Without IT equipment.
Dimensions: 2900x800x730mm."
734,Samsung Computer setup,Samsung,,,,"Consisting out of 1x Samsung S34A650UXU curve monitor, 1x HP, 1x logi Keyboard with mouse."
735,Lista Desk setup,Lista,,,,"Without IT equipment.
Dimensions: 2900x800x730mm."
736,Samsung Computer setup,Samsung,,,,"Consisting out of 1x Samsung curve monitor, 1x HP desktop, 1x HP monitor, 1x logi Keyboard with mouse."
737,Lista Desk setup,Lista,,,,"Without IT equipment.
Dimensions: 2900x800x730mm."
738,Samsung Computer setup,Samsung,,,,"Consisting out of 1x Samsung curve monitor, 1x HP desktop, 1x HP monitor, 1x logi Keyboard with mouse."
739,Lista cabinet,Lista,,,,"Without content 
Total dimensions: 1200x400x750"
740,Lista Desk setup,Lista,,,,"Without IT equipment.
Dimensions: 2900x800x730mm."
741,Samsung Computer setup,Samsung,,,,"Consisting out of 1x Samsung curve monitor, 1x HP desktop, 1x Keyboard with mouse."
742,Lista Desk setup,Lista,,,,"Without IT equipment.
Dimensions: 2900x800x730mm."
743,HP Computer setup,,,,,"Consisting out of 2x HP monitor, 1x HP desktop, 1x Keyboard with mouse."
744,Lista Desk setup,Lista,,,,"Without IT equipment.
Dimensions: 2900x800x730mm."
745,Samsung Computer setup,Samsung,,,,"Consisting out of 1x Samsung curve monitor, 1x HP desktop, 1x Keyboard with mouse."
746,Lista Desk setup,Lista,,,,"Without IT equipment.
Dimensions: 2900x800x730mm."
747,Samsung Computer setup,Samsung,,,,"Consisting out of 1x Samsung curve monitor, 1x HP desktop, 1x Keyboard with mouse."
748,Lista cabinet,Lista,,,,"Without content 
Total dimensions: 1200x400x1100"
749,Lista Desk setup,Lista,,,,"Without IT equipment.
Dimensions: 2900x800x730mm."
750,HP Computer setup,,,,,"Consisting out of 2x HP monitor, 1x HP desktop, 1x Keyboard with mouse."
751,Lista cabinet (3x),Lista,,,,"Without content 
Total dimensions per cabinet : 1200x400x750
Total dimensions: 3600x400x750"
752,Lista cabinet,Lista,,,,"Without content 
Total dimensions: 1200x400x750"
753,Lista cabinet,Lista,,,,"Without content 
Total dimensions: 1200x400x1100"
754,Voko cabinet,Voko,,,,Total dimensions : 780x590x1380
755,Lista cabinet (2x),Lista,,,,"Without content 
Total dimensions per cabinet: 200x400x1100"
756,Lista cabinet,Lista,,,,"Without content 
Total dimensions: 800x400x110"
757,Lista cabinet (2x),Lista,,,,"Without content
Total dimensions per cabinet  : 1200x400x1100
Total dimensions: 2400x400x1100"
758,Lista cabinet,Lista,,,,"Without content 
Total dimensions: 800x400x1540"
759,Lista cabinet,Lista,,,,"Without content 
Total dimensions: 1200x400x1100"
760,Lista cabinet,Lista,,,,"Without content 
Total dimensions: 1600x400x1830"
761,Various IT equipment,,,,,
762,HP Designjet T770 Plotter,HP,Designjet T770,,,
763,Rexel paper scredder,Rexel,,,,
764,Lista Desk setup,Lista,,,,"Without IT equipment.
Dimensions: 2400x900x730mm."
765,Phoenix Contact Thermomark roll Lebel Printer,Phoenix Contact,Thermomark roll,,,
766,Computer setup,,,,,"Consisting out of 1x Samsung monitor, 1x HP desktop, 1x Keyboard with mouse."
